[
  {
    "id": "LC001",
    "name": "SampleColor_001",
    "category": "multi",
    "CMYK": {
      "C": 0,
      "M": 0,
      "Y": 0,
      "K": 0
    },
    "RGB": {
      "r": 0,
      "g": 0,
      "b": 0,
      "hex": "#000000"
    },
    "LAB": {
      "L": 100.0,
      "a": -25,
      "b": -30
    }
  },
  {
    "id": "LC002",
    "name": "SampleColor_002",
    "category": "multi",
    "CMYK": {
      "C": 3,
      "M": 5,
      "Y": 7,
      "K": 4
    },
    "RGB": {
      "r": 11,
      "g": 13,
      "b": 17,
      "hex": "#0B0D11"
    },
    "LAB": {
      "L": 99.33,
      "a": -24,
      "b": -29
    }
  },
  {
    "id": "LC003",
    "name": "SampleColor_003",
    "category": "multi",
    "CMYK": {
      "C": 6,
      "M": 10,
      "Y": 14,
      "K": 8
    },
    "RGB": {
      "r": 22,
      "g": 26,
      "b": 34,
      "hex": "#161A22"
    },
    "LAB": {
      "L": 98.67,
      "a": -23,
      "b": -28
    }
  },
  {
    "id": "LC004",
    "name": "SampleColor_004",
    "category": "multi",
    "CMYK": {
      "C": 9,
      "M": 15,
      "Y": 21,
      "K": 12
    },
    "RGB": {
      "r": 33,
      "g": 39,
      "b": 51,
      "hex": "#212733"
    },
    "LAB": {
      "L": 98.0,
      "a": -22,
      "b": -27
    }
  },
  {
    "id": "LC005",
    "name": "SampleColor_005",
    "category": "multi",
    "CMYK": {
      "C": 12,
      "M": 20,
      "Y": 28,
      "K": 16
    },
    "RGB": {
      "r": 44,
      "g": 52,
      "b": 68,
      "hex": "#2C3444"
    },
    "LAB": {
      "L": 97.33,
      "a": -21,
      "b": -26
    }
  },
  {
    "id": "LC006",
    "name": "SampleColor_006",
    "category": "multi",
    "CMYK": {
      "C": 15,
      "M": 25,
      "Y": 35,
      "K": 20
    },
    "RGB": {
      "r": 55,
      "g": 65,
      "b": 85,
      "hex": "#374155"
    },
    "LAB": {
      "L": 96.67,
      "a": -20,
      "b": -25
    }
  },
  {
    "id": "LC007",
    "name": "SampleColor_007",
    "category": "multi",
    "CMYK": {
      "C": 18,
      "M": 30,
      "Y": 42,
      "K": 24
    },
    "RGB": {
      "r": 66,
      "g": 78,
      "b": 102,
      "hex": "#424E66"
    },
    "LAB": {
      "L": 96.0,
      "a": -19,
      "b": -24
    }
  },
  {
    "id": "LC008",
    "name": "SampleColor_008",
    "category": "multi",
    "CMYK": {
      "C": 21,
      "M": 35,
      "Y": 49,
      "K": 28
    },
    "RGB": {
      "r": 77,
      "g": 91,
      "b": 119,
      "hex": "#4D5B77"
    },
    "LAB": {
      "L": 95.33,
      "a": -18,
      "b": -23
    }
  },
  {
    "id": "LC009",
    "name": "SampleColor_009",
    "category": "multi",
    "CMYK": {
      "C": 24,
      "M": 40,
      "Y": 56,
      "K": 32
    },
    "RGB": {
      "r": 88,
      "g": 104,
      "b": 136,
      "hex": "#586888"
    },
    "LAB": {
      "L": 94.67,
      "a": -17,
      "b": -22
    }
  },
  {
    "id": "LC010",
    "name": "SampleColor_010",
    "category": "multi",
    "CMYK": {
      "C": 27,
      "M": 45,
      "Y": 63,
      "K": 36
    },
    "RGB": {
      "r": 99,
      "g": 117,
      "b": 153,
      "hex": "#637599"
    },
    "LAB": {
      "L": 94.0,
      "a": -16,
      "b": -21
    }
  },
  {
    "id": "LC011",
    "name": "SampleColor_011",
    "category": "multi",
    "CMYK": {
      "C": 30,
      "M": 50,
      "Y": 70,
      "K": 40
    },
    "RGB": {
      "r": 110,
      "g": 130,
      "b": 170,
      "hex": "#6E82AA"
    },
    "LAB": {
      "L": 93.33,
      "a": -15,
      "b": -20
    }
  },
  {
    "id": "LC012",
    "name": "SampleColor_012",
    "category": "multi",
    "CMYK": {
      "C": 33,
      "M": 55,
      "Y": 77,
      "K": 44
    },
    "RGB": {
      "r": 121,
      "g": 143,
      "b": 187,
      "hex": "#798FBB"
    },
    "LAB": {
      "L": 92.67,
      "a": -14,
      "b": -19
    }
  },
  {
    "id": "LC013",
    "name": "SampleColor_013",
    "category": "multi",
    "CMYK": {
      "C": 36,
      "M": 60,
      "Y": 84,
      "K": 48
    },
    "RGB": {
      "r": 132,
      "g": 156,
      "b": 204,
      "hex": "#849CCC"
    },
    "LAB": {
      "L": 92.0,
      "a": -13,
      "b": -18
    }
  },
  {
    "id": "LC014",
    "name": "SampleColor_014",
    "category": "multi",
    "CMYK": {
      "C": 39,
      "M": 65,
      "Y": 91,
      "K": 52
    },
    "RGB": {
      "r": 143,
      "g": 169,
      "b": 221,
      "hex": "#8FA9DD"
    },
    "LAB": {
      "L": 91.33,
      "a": -12,
      "b": -17
    }
  },
  {
    "id": "LC015",
    "name": "SampleColor_015",
    "category": "multi",
    "CMYK": {
      "C": 42,
      "M": 70,
      "Y": 98,
      "K": 56
    },
    "RGB": {
      "r": 154,
      "g": 182,
      "b": 238,
      "hex": "#9AB6EE"
    },
    "LAB": {
      "L": 90.67,
      "a": -11,
      "b": -16
    }
  },
  {
    "id": "LC016",
    "name": "SampleColor_016",
    "category": "multi",
    "CMYK": {
      "C": 45,
      "M": 75,
      "Y": 5,
      "K": 0
    },
    "RGB": {
      "r": 165,
      "g": 195,
      "b": 0,
      "hex": "#A5C300"
    },
    "LAB": {
      "L": 90.0,
      "a": -10,
      "b": -15
    }
  },
  {
    "id": "LC017",
    "name": "SampleColor_017",
    "category": "multi",
    "CMYK": {
      "C": 48,
      "M": 80,
      "Y": 12,
      "K": 4
    },
    "RGB": {
      "r": 176,
      "g": 208,
      "b": 17,
      "hex": "#B0D011"
    },
    "LAB": {
      "L": 89.33,
      "a": -9,
      "b": -14
    }
  },
  {
    "id": "LC018",
    "name": "SampleColor_018",
    "category": "multi",
    "CMYK": {
      "C": 51,
      "M": 85,
      "Y": 19,
      "K": 8
    },
    "RGB": {
      "r": 187,
      "g": 221,
      "b": 34,
      "hex": "#BBDD22"
    },
    "LAB": {
      "L": 88.67,
      "a": -8,
      "b": -13
    }
  },
  {
    "id": "LC019",
    "name": "SampleColor_019",
    "category": "multi",
    "CMYK": {
      "C": 54,
      "M": 90,
      "Y": 26,
      "K": 12
    },
    "RGB": {
      "r": 198,
      "g": 234,
      "b": 51,
      "hex": "#C6EA33"
    },
    "LAB": {
      "L": 88.0,
      "a": -7,
      "b": -12
    }
  },
  {
    "id": "LC020",
    "name": "SampleColor_020",
    "category": "multi",
    "CMYK": {
      "C": 57,
      "M": 95,
      "Y": 33,
      "K": 16
    },
    "RGB": {
      "r": 209,
      "g": 247,
      "b": 68,
      "hex": "#D1F744"
    },
    "LAB": {
      "L": 87.33,
      "a": -6,
      "b": -11
    }
  },
  {
    "id": "LC021",
    "name": "SampleColor_021",
    "category": "multi",
    "CMYK": {
      "C": 60,
      "M": 0,
      "Y": 40,
      "K": 20
    },
    "RGB": {
      "r": 220,
      "g": 5,
      "b": 85,
      "hex": "#DC0555"
    },
    "LAB": {
      "L": 86.67,
      "a": -5,
      "b": -10
    }
  },
  {
    "id": "LC022",
    "name": "SampleColor_022",
    "category": "multi",
    "CMYK": {
      "C": 63,
      "M": 5,
      "Y": 47,
      "K": 24
    },
    "RGB": {
      "r": 231,
      "g": 18,
      "b": 102,
      "hex": "#E71266"
    },
    "LAB": {
      "L": 86.0,
      "a": -4,
      "b": -9
    }
  },
  {
    "id": "LC023",
    "name": "SampleColor_023",
    "category": "multi",
    "CMYK": {
      "C": 66,
      "M": 10,
      "Y": 54,
      "K": 28
    },
    "RGB": {
      "r": 242,
      "g": 31,
      "b": 119,
      "hex": "#F21F77"
    },
    "LAB": {
      "L": 85.33,
      "a": -3,
      "b": -8
    }
  },
  {
    "id": "LC024",
    "name": "SampleColor_024",
    "category": "multi",
    "CMYK": {
      "C": 69,
      "M": 15,
      "Y": 61,
      "K": 32
    },
    "RGB": {
      "r": 253,
      "g": 44,
      "b": 136,
      "hex": "#FD2C88"
    },
    "LAB": {
      "L": 84.67,
      "a": -2,
      "b": -7
    }
  },
  {
    "id": "LC025",
    "name": "SampleColor_025",
    "category": "multi",
    "CMYK": {
      "C": 72,
      "M": 20,
      "Y": 68,
      "K": 36
    },
    "RGB": {
      "r": 9,
      "g": 57,
      "b": 153,
      "hex": "#093999"
    },
    "LAB": {
      "L": 84.0,
      "a": -1,
      "b": -6
    }
  },
  {
    "id": "LC026",
    "name": "SampleColor_026",
    "category": "multi",
    "CMYK": {
      "C": 75,
      "M": 25,
      "Y": 75,
      "K": 40
    },
    "RGB": {
      "r": 20,
      "g": 70,
      "b": 170,
      "hex": "#1446AA"
    },
    "LAB": {
      "L": 83.33,
      "a": 0,
      "b": -5
    }
  },
  {
    "id": "LC027",
    "name": "SampleColor_027",
    "category": "multi",
    "CMYK": {
      "C": 78,
      "M": 30,
      "Y": 82,
      "K": 44
    },
    "RGB": {
      "r": 31,
      "g": 83,
      "b": 187,
      "hex": "#1F53BB"
    },
    "LAB": {
      "L": 82.67,
      "a": 1,
      "b": -4
    }
  },
  {
    "id": "LC028",
    "name": "SampleColor_028",
    "category": "multi",
    "CMYK": {
      "C": 81,
      "M": 35,
      "Y": 89,
      "K": 48
    },
    "RGB": {
      "r": 42,
      "g": 96,
      "b": 204,
      "hex": "#2A60CC"
    },
    "LAB": {
      "L": 82.0,
      "a": 2,
      "b": -3
    }
  },
  {
    "id": "LC029",
    "name": "SampleColor_029",
    "category": "multi",
    "CMYK": {
      "C": 84,
      "M": 40,
      "Y": 96,
      "K": 52
    },
    "RGB": {
      "r": 53,
      "g": 109,
      "b": 221,
      "hex": "#356DDD"
    },
    "LAB": {
      "L": 81.33,
      "a": 3,
      "b": -2
    }
  },
  {
    "id": "LC030",
    "name": "SampleColor_030",
    "category": "multi",
    "CMYK": {
      "C": 87,
      "M": 45,
      "Y": 3,
      "K": 56
    },
    "RGB": {
      "r": 64,
      "g": 122,
      "b": 238,
      "hex": "#407AEE"
    },
    "LAB": {
      "L": 80.67,
      "a": 4,
      "b": -1
    }
  },
  {
    "id": "LC031",
    "name": "SampleColor_031",
    "category": "multi",
    "CMYK": {
      "C": 90,
      "M": 50,
      "Y": 10,
      "K": 0
    },
    "RGB": {
      "r": 75,
      "g": 135,
      "b": 0,
      "hex": "#4B8700"
    },
    "LAB": {
      "L": 80.0,
      "a": 5,
      "b": 0
    }
  },
  {
    "id": "LC032",
    "name": "SampleColor_032",
    "category": "multi",
    "CMYK": {
      "C": 93,
      "M": 55,
      "Y": 17,
      "K": 4
    },
    "RGB": {
      "r": 86,
      "g": 148,
      "b": 17,
      "hex": "#569411"
    },
    "LAB": {
      "L": 79.33,
      "a": 6,
      "b": 1
    }
  },
  {
    "id": "LC033",
    "name": "SampleColor_033",
    "category": "multi",
    "CMYK": {
      "C": 96,
      "M": 60,
      "Y": 24,
      "K": 8
    },
    "RGB": {
      "r": 97,
      "g": 161,
      "b": 34,
      "hex": "#61A122"
    },
    "LAB": {
      "L": 78.67,
      "a": 7,
      "b": 2
    }
  },
  {
    "id": "LC034",
    "name": "SampleColor_034",
    "category": "multi",
    "CMYK": {
      "C": 99,
      "M": 65,
      "Y": 31,
      "K": 12
    },
    "RGB": {
      "r": 108,
      "g": 174,
      "b": 51,
      "hex": "#6CAE33"
    },
    "LAB": {
      "L": 78.0,
      "a": 8,
      "b": 3
    }
  },
  {
    "id": "LC035",
    "name": "SampleColor_035",
    "category": "multi",
    "CMYK": {
      "C": 2,
      "M": 70,
      "Y": 38,
      "K": 16
    },
    "RGB": {
      "r": 119,
      "g": 187,
      "b": 68,
      "hex": "#77BB44"
    },
    "LAB": {
      "L": 77.33,
      "a": 9,
      "b": 4
    }
  },
  {
    "id": "LC036",
    "name": "SampleColor_036",
    "category": "multi",
    "CMYK": {
      "C": 5,
      "M": 75,
      "Y": 45,
      "K": 20
    },
    "RGB": {
      "r": 130,
      "g": 200,
      "b": 85,
      "hex": "#82C855"
    },
    "LAB": {
      "L": 76.67,
      "a": 10,
      "b": 5
    }
  },
  {
    "id": "LC037",
    "name": "SampleColor_037",
    "category": "multi",
    "CMYK": {
      "C": 8,
      "M": 80,
      "Y": 52,
      "K": 24
    },
    "RGB": {
      "r": 141,
      "g": 213,
      "b": 102,
      "hex": "#8DD566"
    },
    "LAB": {
      "L": 76.0,
      "a": 11,
      "b": 6
    }
  },
  {
    "id": "LC038",
    "name": "SampleColor_038",
    "category": "multi",
    "CMYK": {
      "C": 11,
      "M": 85,
      "Y": 59,
      "K": 28
    },
    "RGB": {
      "r": 152,
      "g": 226,
      "b": 119,
      "hex": "#98E277"
    },
    "LAB": {
      "L": 75.33,
      "a": 12,
      "b": 7
    }
  },
  {
    "id": "LC039",
    "name": "SampleColor_039",
    "category": "multi",
    "CMYK": {
      "C": 14,
      "M": 90,
      "Y": 66,
      "K": 32
    },
    "RGB": {
      "r": 163,
      "g": 239,
      "b": 136,
      "hex": "#A3EF88"
    },
    "LAB": {
      "L": 74.67,
      "a": 13,
      "b": 8
    }
  },
  {
    "id": "LC040",
    "name": "SampleColor_040",
    "category": "multi",
    "CMYK": {
      "C": 17,
      "M": 95,
      "Y": 73,
      "K": 36
    },
    "RGB": {
      "r": 174,
      "g": 252,
      "b": 153,
      "hex": "#AEFC99"
    },
    "LAB": {
      "L": 74.0,
      "a": 14,
      "b": 9
    }
  },
  {
    "id": "LC041",
    "name": "SampleColor_041",
    "category": "multi",
    "CMYK": {
      "C": 20,
      "M": 0,
      "Y": 80,
      "K": 40
    },
    "RGB": {
      "r": 185,
      "g": 10,
      "b": 170,
      "hex": "#B90AAA"
    },
    "LAB": {
      "L": 73.33,
      "a": 15,
      "b": 10
    }
  },
  {
    "id": "LC042",
    "name": "SampleColor_042",
    "category": "multi",
    "CMYK": {
      "C": 23,
      "M": 5,
      "Y": 87,
      "K": 44
    },
    "RGB": {
      "r": 196,
      "g": 23,
      "b": 187,
      "hex": "#C417BB"
    },
    "LAB": {
      "L": 72.67,
      "a": 16,
      "b": 11
    }
  },
  {
    "id": "LC043",
    "name": "SampleColor_043",
    "category": "multi",
    "CMYK": {
      "C": 26,
      "M": 10,
      "Y": 94,
      "K": 48
    },
    "RGB": {
      "r": 207,
      "g": 36,
      "b": 204,
      "hex": "#CF24CC"
    },
    "LAB": {
      "L": 72.0,
      "a": 17,
      "b": 12
    }
  },
  {
    "id": "LC044",
    "name": "SampleColor_044",
    "category": "multi",
    "CMYK": {
      "C": 29,
      "M": 15,
      "Y": 1,
      "K": 52
    },
    "RGB": {
      "r": 218,
      "g": 49,
      "b": 221,
      "hex": "#DA31DD"
    },
    "LAB": {
      "L": 71.33,
      "a": 18,
      "b": 13
    }
  },
  {
    "id": "LC045",
    "name": "SampleColor_045",
    "category": "multi",
    "CMYK": {
      "C": 32,
      "M": 20,
      "Y": 8,
      "K": 56
    },
    "RGB": {
      "r": 229,
      "g": 62,
      "b": 238,
      "hex": "#E53EEE"
    },
    "LAB": {
      "L": 70.67,
      "a": 19,
      "b": 14
    }
  },
  {
    "id": "LC046",
    "name": "SampleColor_046",
    "category": "multi",
    "CMYK": {
      "C": 35,
      "M": 25,
      "Y": 15,
      "K": 0
    },
    "RGB": {
      "r": 240,
      "g": 75,
      "b": 0,
      "hex": "#F04B00"
    },
    "LAB": {
      "L": 70.0,
      "a": 20,
      "b": 15
    }
  },
  {
    "id": "LC047",
    "name": "SampleColor_047",
    "category": "multi",
    "CMYK": {
      "C": 38,
      "M": 30,
      "Y": 22,
      "K": 4
    },
    "RGB": {
      "r": 251,
      "g": 88,
      "b": 17,
      "hex": "#FB5811"
    },
    "LAB": {
      "L": 69.33,
      "a": 21,
      "b": 16
    }
  },
  {
    "id": "LC048",
    "name": "SampleColor_048",
    "category": "multi",
    "CMYK": {
      "C": 41,
      "M": 35,
      "Y": 29,
      "K": 8
    },
    "RGB": {
      "r": 7,
      "g": 101,
      "b": 34,
      "hex": "#076522"
    },
    "LAB": {
      "L": 68.67,
      "a": 22,
      "b": 17
    }
  },
  {
    "id": "LC049",
    "name": "SampleColor_049",
    "category": "multi",
    "CMYK": {
      "C": 44,
      "M": 40,
      "Y": 36,
      "K": 12
    },
    "RGB": {
      "r": 18,
      "g": 114,
      "b": 51,
      "hex": "#127233"
    },
    "LAB": {
      "L": 68.0,
      "a": 23,
      "b": 18
    }
  },
  {
    "id": "LC050",
    "name": "SampleColor_050",
    "category": "multi",
    "CMYK": {
      "C": 47,
      "M": 45,
      "Y": 43,
      "K": 16
    },
    "RGB": {
      "r": 29,
      "g": 127,
      "b": 68,
      "hex": "#1D7F44"
    },
    "LAB": {
      "L": 67.33,
      "a": 24,
      "b": 19
    }
  },
  {
    "id": "LC051",
    "name": "SampleColor_051",
    "category": "multi",
    "CMYK": {
      "C": 50,
      "M": 50,
      "Y": 50,
      "K": 20
    },
    "RGB": {
      "r": 40,
      "g": 140,
      "b": 85,
      "hex": "#288C55"
    },
    "LAB": {
      "L": 66.67,
      "a": -25,
      "b": 20
    }
  },
  {
    "id": "LC052",
    "name": "SampleColor_052",
    "category": "multi",
    "CMYK": {
      "C": 53,
      "M": 55,
      "Y": 57,
      "K": 24
    },
    "RGB": {
      "r": 51,
      "g": 153,
      "b": 102,
      "hex": "#339966"
    },
    "LAB": {
      "L": 66.0,
      "a": -24,
      "b": 21
    }
  },
  {
    "id": "LC053",
    "name": "SampleColor_053",
    "category": "multi",
    "CMYK": {
      "C": 56,
      "M": 60,
      "Y": 64,
      "K": 28
    },
    "RGB": {
      "r": 62,
      "g": 166,
      "b": 119,
      "hex": "#3EA677"
    },
    "LAB": {
      "L": 65.33,
      "a": -23,
      "b": 22
    }
  },
  {
    "id": "LC054",
    "name": "SampleColor_054",
    "category": "multi",
    "CMYK": {
      "C": 59,
      "M": 65,
      "Y": 71,
      "K": 32
    },
    "RGB": {
      "r": 73,
      "g": 179,
      "b": 136,
      "hex": "#49B388"
    },
    "LAB": {
      "L": 64.67,
      "a": -22,
      "b": 23
    }
  },
  {
    "id": "LC055",
    "name": "SampleColor_055",
    "category": "multi",
    "CMYK": {
      "C": 62,
      "M": 70,
      "Y": 78,
      "K": 36
    },
    "RGB": {
      "r": 84,
      "g": 192,
      "b": 153,
      "hex": "#54C099"
    },
    "LAB": {
      "L": 64.0,
      "a": -21,
      "b": 24
    }
  },
  {
    "id": "LC056",
    "name": "SampleColor_056",
    "category": "multi",
    "CMYK": {
      "C": 65,
      "M": 75,
      "Y": 85,
      "K": 40
    },
    "RGB": {
      "r": 95,
      "g": 205,
      "b": 170,
      "hex": "#5FCDAA"
    },
    "LAB": {
      "L": 63.33,
      "a": -20,
      "b": 25
    }
  },
  {
    "id": "LC057",
    "name": "SampleColor_057",
    "category": "multi",
    "CMYK": {
      "C": 68,
      "M": 80,
      "Y": 92,
      "K": 44
    },
    "RGB": {
      "r": 106,
      "g": 218,
      "b": 187,
      "hex": "#6ADABB"
    },
    "LAB": {
      "L": 62.67,
      "a": -19,
      "b": 26
    }
  },
  {
    "id": "LC058",
    "name": "SampleColor_058",
    "category": "multi",
    "CMYK": {
      "C": 71,
      "M": 85,
      "Y": 99,
      "K": 48
    },
    "RGB": {
      "r": 117,
      "g": 231,
      "b": 204,
      "hex": "#75E7CC"
    },
    "LAB": {
      "L": 62.0,
      "a": -18,
      "b": 27
    }
  },
  {
    "id": "LC059",
    "name": "SampleColor_059",
    "category": "multi",
    "CMYK": {
      "C": 74,
      "M": 90,
      "Y": 6,
      "K": 52
    },
    "RGB": {
      "r": 128,
      "g": 244,
      "b": 221,
      "hex": "#80F4DD"
    },
    "LAB": {
      "L": 61.33,
      "a": -17,
      "b": 28
    }
  },
  {
    "id": "LC060",
    "name": "SampleColor_060",
    "category": "multi",
    "CMYK": {
      "C": 77,
      "M": 95,
      "Y": 13,
      "K": 56
    },
    "RGB": {
      "r": 139,
      "g": 2,
      "b": 238,
      "hex": "#8B02EE"
    },
    "LAB": {
      "L": 60.67,
      "a": -16,
      "b": 29
    }
  },
  {
    "id": "LC061",
    "name": "SampleColor_061",
    "category": "multi",
    "CMYK": {
      "C": 80,
      "M": 0,
      "Y": 20,
      "K": 0
    },
    "RGB": {
      "r": 150,
      "g": 15,
      "b": 0,
      "hex": "#960F00"
    },
    "LAB": {
      "L": 60.0,
      "a": -15,
      "b": -30
    }
  },
  {
    "id": "LC062",
    "name": "SampleColor_062",
    "category": "multi",
    "CMYK": {
      "C": 83,
      "M": 5,
      "Y": 27,
      "K": 4
    },
    "RGB": {
      "r": 161,
      "g": 28,
      "b": 17,
      "hex": "#A11C11"
    },
    "LAB": {
      "L": 59.33,
      "a": -14,
      "b": -29
    }
  },
  {
    "id": "LC063",
    "name": "SampleColor_063",
    "category": "multi",
    "CMYK": {
      "C": 86,
      "M": 10,
      "Y": 34,
      "K": 8
    },
    "RGB": {
      "r": 172,
      "g": 41,
      "b": 34,
      "hex": "#AC2922"
    },
    "LAB": {
      "L": 58.67,
      "a": -13,
      "b": -28
    }
  },
  {
    "id": "LC064",
    "name": "SampleColor_064",
    "category": "multi",
    "CMYK": {
      "C": 89,
      "M": 15,
      "Y": 41,
      "K": 12
    },
    "RGB": {
      "r": 183,
      "g": 54,
      "b": 51,
      "hex": "#B73633"
    },
    "LAB": {
      "L": 58.0,
      "a": -12,
      "b": -27
    }
  },
  {
    "id": "LC065",
    "name": "SampleColor_065",
    "category": "multi",
    "CMYK": {
      "C": 92,
      "M": 20,
      "Y": 48,
      "K": 16
    },
    "RGB": {
      "r": 194,
      "g": 67,
      "b": 68,
      "hex": "#C24344"
    },
    "LAB": {
      "L": 57.33,
      "a": -11,
      "b": -26
    }
  },
  {
    "id": "LC066",
    "name": "SampleColor_066",
    "category": "multi",
    "CMYK": {
      "C": 95,
      "M": 25,
      "Y": 55,
      "K": 20
    },
    "RGB": {
      "r": 205,
      "g": 80,
      "b": 85,
      "hex": "#CD5055"
    },
    "LAB": {
      "L": 56.67,
      "a": -10,
      "b": -25
    }
  },
  {
    "id": "LC067",
    "name": "SampleColor_067",
    "category": "multi",
    "CMYK": {
      "C": 98,
      "M": 30,
      "Y": 62,
      "K": 24
    },
    "RGB": {
      "r": 216,
      "g": 93,
      "b": 102,
      "hex": "#D85D66"
    },
    "LAB": {
      "L": 56.0,
      "a": -9,
      "b": -24
    }
  },
  {
    "id": "LC068",
    "name": "SampleColor_068",
    "category": "multi",
    "CMYK": {
      "C": 1,
      "M": 35,
      "Y": 69,
      "K": 28
    },
    "RGB": {
      "r": 227,
      "g": 106,
      "b": 119,
      "hex": "#E36A77"
    },
    "LAB": {
      "L": 55.33,
      "a": -8,
      "b": -23
    }
  },
  {
    "id": "LC069",
    "name": "SampleColor_069",
    "category": "multi",
    "CMYK": {
      "C": 4,
      "M": 40,
      "Y": 76,
      "K": 32
    },
    "RGB": {
      "r": 238,
      "g": 119,
      "b": 136,
      "hex": "#EE7788"
    },
    "LAB": {
      "L": 54.67,
      "a": -7,
      "b": -22
    }
  },
  {
    "id": "LC070",
    "name": "SampleColor_070",
    "category": "multi",
    "CMYK": {
      "C": 7,
      "M": 45,
      "Y": 83,
      "K": 36
    },
    "RGB": {
      "r": 249,
      "g": 132,
      "b": 153,
      "hex": "#F98499"
    },
    "LAB": {
      "L": 54.0,
      "a": -6,
      "b": -21
    }
  },
  {
    "id": "LC071",
    "name": "SampleColor_071",
    "category": "multi",
    "CMYK": {
      "C": 10,
      "M": 50,
      "Y": 90,
      "K": 40
    },
    "RGB": {
      "r": 5,
      "g": 145,
      "b": 170,
      "hex": "#0591AA"
    },
    "LAB": {
      "L": 53.33,
      "a": -5,
      "b": -20
    }
  },
  {
    "id": "LC072",
    "name": "SampleColor_072",
    "category": "multi",
    "CMYK": {
      "C": 13,
      "M": 55,
      "Y": 97,
      "K": 44
    },
    "RGB": {
      "r": 16,
      "g": 158,
      "b": 187,
      "hex": "#109EBB"
    },
    "LAB": {
      "L": 52.67,
      "a": -4,
      "b": -19
    }
  },
  {
    "id": "LC073",
    "name": "SampleColor_073",
    "category": "multi",
    "CMYK": {
      "C": 16,
      "M": 60,
      "Y": 4,
      "K": 48
    },
    "RGB": {
      "r": 27,
      "g": 171,
      "b": 204,
      "hex": "#1BABCC"
    },
    "LAB": {
      "L": 52.0,
      "a": -3,
      "b": -18
    }
  },
  {
    "id": "LC074",
    "name": "SampleColor_074",
    "category": "multi",
    "CMYK": {
      "C": 19,
      "M": 65,
      "Y": 11,
      "K": 52
    },
    "RGB": {
      "r": 38,
      "g": 184,
      "b": 221,
      "hex": "#26B8DD"
    },
    "LAB": {
      "L": 51.33,
      "a": -2,
      "b": -17
    }
  },
  {
    "id": "LC075",
    "name": "SampleColor_075",
    "category": "multi",
    "CMYK": {
      "C": 22,
      "M": 70,
      "Y": 18,
      "K": 56
    },
    "RGB": {
      "r": 49,
      "g": 197,
      "b": 238,
      "hex": "#31C5EE"
    },
    "LAB": {
      "L": 50.67,
      "a": -1,
      "b": -16
    }
  },
  {
    "id": "LC076",
    "name": "SampleColor_076",
    "category": "multi",
    "CMYK": {
      "C": 25,
      "M": 75,
      "Y": 25,
      "K": 0
    },
    "RGB": {
      "r": 60,
      "g": 210,
      "b": 0,
      "hex": "#3CD200"
    },
    "LAB": {
      "L": 50.0,
      "a": 0,
      "b": -15
    }
  },
  {
    "id": "LC077",
    "name": "SampleColor_077",
    "category": "multi",
    "CMYK": {
      "C": 28,
      "M": 80,
      "Y": 32,
      "K": 4
    },
    "RGB": {
      "r": 71,
      "g": 223,
      "b": 17,
      "hex": "#47DF11"
    },
    "LAB": {
      "L": 49.33,
      "a": 1,
      "b": -14
    }
  },
  {
    "id": "LC078",
    "name": "SampleColor_078",
    "category": "multi",
    "CMYK": {
      "C": 31,
      "M": 85,
      "Y": 39,
      "K": 8
    },
    "RGB": {
      "r": 82,
      "g": 236,
      "b": 34,
      "hex": "#52EC22"
    },
    "LAB": {
      "L": 48.67,
      "a": 2,
      "b": -13
    }
  },
  {
    "id": "LC079",
    "name": "SampleColor_079",
    "category": "multi",
    "CMYK": {
      "C": 34,
      "M": 90,
      "Y": 46,
      "K": 12
    },
    "RGB": {
      "r": 93,
      "g": 249,
      "b": 51,
      "hex": "#5DF933"
    },
    "LAB": {
      "L": 48.0,
      "a": 3,
      "b": -12
    }
  },
  {
    "id": "LC080",
    "name": "SampleColor_080",
    "category": "multi",
    "CMYK": {
      "C": 37,
      "M": 95,
      "Y": 53,
      "K": 16
    },
    "RGB": {
      "r": 104,
      "g": 7,
      "b": 68,
      "hex": "#680744"
    },
    "LAB": {
      "L": 47.33,
      "a": 4,
      "b": -11
    }
  },
  {
    "id": "LC081",
    "name": "SampleColor_081",
    "category": "multi",
    "CMYK": {
      "C": 40,
      "M": 0,
      "Y": 60,
      "K": 20
    },
    "RGB": {
      "r": 115,
      "g": 20,
      "b": 85,
      "hex": "#731455"
    },
    "LAB": {
      "L": 46.67,
      "a": 5,
      "b": -10
    }
  },
  {
    "id": "LC082",
    "name": "SampleColor_082",
    "category": "multi",
    "CMYK": {
      "C": 43,
      "M": 5,
      "Y": 67,
      "K": 24
    },
    "RGB": {
      "r": 126,
      "g": 33,
      "b": 102,
      "hex": "#7E2166"
    },
    "LAB": {
      "L": 46.0,
      "a": 6,
      "b": -9
    }
  },
  {
    "id": "LC083",
    "name": "SampleColor_083",
    "category": "multi",
    "CMYK": {
      "C": 46,
      "M": 10,
      "Y": 74,
      "K": 28
    },
    "RGB": {
      "r": 137,
      "g": 46,
      "b": 119,
      "hex": "#892E77"
    },
    "LAB": {
      "L": 45.33,
      "a": 7,
      "b": -8
    }
  },
  {
    "id": "LC084",
    "name": "SampleColor_084",
    "category": "multi",
    "CMYK": {
      "C": 49,
      "M": 15,
      "Y": 81,
      "K": 32
    },
    "RGB": {
      "r": 148,
      "g": 59,
      "b": 136,
      "hex": "#943B88"
    },
    "LAB": {
      "L": 44.67,
      "a": 8,
      "b": -7
    }
  },
  {
    "id": "LC085",
    "name": "SampleColor_085",
    "category": "multi",
    "CMYK": {
      "C": 52,
      "M": 20,
      "Y": 88,
      "K": 36
    },
    "RGB": {
      "r": 159,
      "g": 72,
      "b": 153,
      "hex": "#9F4899"
    },
    "LAB": {
      "L": 44.0,
      "a": 9,
      "b": -6
    }
  },
  {
    "id": "LC086",
    "name": "SampleColor_086",
    "category": "multi",
    "CMYK": {
      "C": 55,
      "M": 25,
      "Y": 95,
      "K": 40
    },
    "RGB": {
      "r": 170,
      "g": 85,
      "b": 170,
      "hex": "#AA55AA"
    },
    "LAB": {
      "L": 43.33,
      "a": 10,
      "b": -5
    }
  },
  {
    "id": "LC087",
    "name": "SampleColor_087",
    "category": "multi",
    "CMYK": {
      "C": 58,
      "M": 30,
      "Y": 2,
      "K": 44
    },
    "RGB": {
      "r": 181,
      "g": 98,
      "b": 187,
      "hex": "#B562BB"
    },
    "LAB": {
      "L": 42.67,
      "a": 11,
      "b": -4
    }
  },
  {
    "id": "LC088",
    "name": "SampleColor_088",
    "category": "multi",
    "CMYK": {
      "C": 61,
      "M": 35,
      "Y": 9,
      "K": 48
    },
    "RGB": {
      "r": 192,
      "g": 111,
      "b": 204,
      "hex": "#C06FCC"
    },
    "LAB": {
      "L": 42.0,
      "a": 12,
      "b": -3
    }
  },
  {
    "id": "LC089",
    "name": "SampleColor_089",
    "category": "multi",
    "CMYK": {
      "C": 64,
      "M": 40,
      "Y": 16,
      "K": 52
    },
    "RGB": {
      "r": 203,
      "g": 124,
      "b": 221,
      "hex": "#CB7CDD"
    },
    "LAB": {
      "L": 41.33,
      "a": 13,
      "b": -2
    }
  },
  {
    "id": "LC090",
    "name": "SampleColor_090",
    "category": "multi",
    "CMYK": {
      "C": 67,
      "M": 45,
      "Y": 23,
      "K": 56
    },
    "RGB": {
      "r": 214,
      "g": 137,
      "b": 238,
      "hex": "#D689EE"
    },
    "LAB": {
      "L": 40.67,
      "a": 14,
      "b": -1
    }
  },
  {
    "id": "LC091",
    "name": "SampleColor_091",
    "category": "multi",
    "CMYK": {
      "C": 70,
      "M": 50,
      "Y": 30,
      "K": 0
    },
    "RGB": {
      "r": 225,
      "g": 150,
      "b": 0,
      "hex": "#E19600"
    },
    "LAB": {
      "L": 40.0,
      "a": 15,
      "b": 0
    }
  },
  {
    "id": "LC092",
    "name": "SampleColor_092",
    "category": "multi",
    "CMYK": {
      "C": 73,
      "M": 55,
      "Y": 37,
      "K": 4
    },
    "RGB": {
      "r": 236,
      "g": 163,
      "b": 17,
      "hex": "#ECA311"
    },
    "LAB": {
      "L": 39.33,
      "a": 16,
      "b": 1
    }
  },
  {
    "id": "LC093",
    "name": "SampleColor_093",
    "category": "multi",
    "CMYK": {
      "C": 76,
      "M": 60,
      "Y": 44,
      "K": 8
    },
    "RGB": {
      "r": 247,
      "g": 176,
      "b": 34,
      "hex": "#F7B022"
    },
    "LAB": {
      "L": 38.67,
      "a": 17,
      "b": 2
    }
  },
  {
    "id": "LC094",
    "name": "SampleColor_094",
    "category": "multi",
    "CMYK": {
      "C": 79,
      "M": 65,
      "Y": 51,
      "K": 12
    },
    "RGB": {
      "r": 3,
      "g": 189,
      "b": 51,
      "hex": "#03BD33"
    },
    "LAB": {
      "L": 38.0,
      "a": 18,
      "b": 3
    }
  },
  {
    "id": "LC095",
    "name": "SampleColor_095",
    "category": "multi",
    "CMYK": {
      "C": 82,
      "M": 70,
      "Y": 58,
      "K": 16
    },
    "RGB": {
      "r": 14,
      "g": 202,
      "b": 68,
      "hex": "#0ECA44"
    },
    "LAB": {
      "L": 37.33,
      "a": 19,
      "b": 4
    }
  },
  {
    "id": "LC096",
    "name": "SampleColor_096",
    "category": "multi",
    "CMYK": {
      "C": 85,
      "M": 75,
      "Y": 65,
      "K": 20
    },
    "RGB": {
      "r": 25,
      "g": 215,
      "b": 85,
      "hex": "#19D755"
    },
    "LAB": {
      "L": 36.67,
      "a": 20,
      "b": 5
    }
  },
  {
    "id": "LC097",
    "name": "SampleColor_097",
    "category": "multi",
    "CMYK": {
      "C": 88,
      "M": 80,
      "Y": 72,
      "K": 24
    },
    "RGB": {
      "r": 36,
      "g": 228,
      "b": 102,
      "hex": "#24E466"
    },
    "LAB": {
      "L": 36.0,
      "a": 21,
      "b": 6
    }
  },
  {
    "id": "LC098",
    "name": "SampleColor_098",
    "category": "multi",
    "CMYK": {
      "C": 91,
      "M": 85,
      "Y": 79,
      "K": 28
    },
    "RGB": {
      "r": 47,
      "g": 241,
      "b": 119,
      "hex": "#2FF177"
    },
    "LAB": {
      "L": 35.33,
      "a": 22,
      "b": 7
    }
  },
  {
    "id": "LC099",
    "name": "SampleColor_099",
    "category": "multi",
    "CMYK": {
      "C": 94,
      "M": 90,
      "Y": 86,
      "K": 32
    },
    "RGB": {
      "r": 58,
      "g": 254,
      "b": 136,
      "hex": "#3AFE88"
    },
    "LAB": {
      "L": 34.67,
      "a": 23,
      "b": 8
    }
  },
  {
    "id": "LC100",
    "name": "SampleColor_100",
    "category": "multi",
    "CMYK": {
      "C": 97,
      "M": 95,
      "Y": 93,
      "K": 36
    },
    "RGB": {
      "r": 69,
      "g": 12,
      "b": 153,
      "hex": "#450C99"
    },
    "LAB": {
      "L": 34.0,
      "a": 24,
      "b": 9
    }
  },
  {
    "id": "LC101",
    "name": "SampleColor_101",
    "category": "multi",
    "CMYK": {
      "C": 0,
      "M": 0,
      "Y": 0,
      "K": 40
    },
    "RGB": {
      "r": 80,
      "g": 25,
      "b": 170,
      "hex": "#5019AA"
    },
    "LAB": {
      "L": 100.0,
      "a": -25,
      "b": 10
    }
  },
  {
    "id": "LC102",
    "name": "SampleColor_102",
    "category": "multi",
    "CMYK": {
      "C": 3,
      "M": 5,
      "Y": 7,
      "K": 44
    },
    "RGB": {
      "r": 91,
      "g": 38,
      "b": 187,
      "hex": "#5B26BB"
    },
    "LAB": {
      "L": 99.33,
      "a": -24,
      "b": 11
    }
  },
  {
    "id": "LC103",
    "name": "SampleColor_103",
    "category": "multi",
    "CMYK": {
      "C": 6,
      "M": 10,
      "Y": 14,
      "K": 48
    },
    "RGB": {
      "r": 102,
      "g": 51,
      "b": 204,
      "hex": "#6633CC"
    },
    "LAB": {
      "L": 98.67,
      "a": -23,
      "b": 12
    }
  },
  {
    "id": "LC104",
    "name": "SampleColor_104",
    "category": "multi",
    "CMYK": {
      "C": 9,
      "M": 15,
      "Y": 21,
      "K": 52
    },
    "RGB": {
      "r": 113,
      "g": 64,
      "b": 221,
      "hex": "#7140DD"
    },
    "LAB": {
      "L": 98.0,
      "a": -22,
      "b": 13
    }
  },
  {
    "id": "LC105",
    "name": "SampleColor_105",
    "category": "multi",
    "CMYK": {
      "C": 12,
      "M": 20,
      "Y": 28,
      "K": 56
    },
    "RGB": {
      "r": 124,
      "g": 77,
      "b": 238,
      "hex": "#7C4DEE"
    },
    "LAB": {
      "L": 97.33,
      "a": -21,
      "b": 14
    }
  },
  {
    "id": "LC106",
    "name": "SampleColor_106",
    "category": "multi",
    "CMYK": {
      "C": 15,
      "M": 25,
      "Y": 35,
      "K": 0
    },
    "RGB": {
      "r": 135,
      "g": 90,
      "b": 0,
      "hex": "#875A00"
    },
    "LAB": {
      "L": 96.67,
      "a": -20,
      "b": 15
    }
  },
  {
    "id": "LC107",
    "name": "SampleColor_107",
    "category": "multi",
    "CMYK": {
      "C": 18,
      "M": 30,
      "Y": 42,
      "K": 4
    },
    "RGB": {
      "r": 146,
      "g": 103,
      "b": 17,
      "hex": "#926711"
    },
    "LAB": {
      "L": 96.0,
      "a": -19,
      "b": 16
    }
  },
  {
    "id": "LC108",
    "name": "SampleColor_108",
    "category": "multi",
    "CMYK": {
      "C": 21,
      "M": 35,
      "Y": 49,
      "K": 8
    },
    "RGB": {
      "r": 157,
      "g": 116,
      "b": 34,
      "hex": "#9D7422"
    },
    "LAB": {
      "L": 95.33,
      "a": -18,
      "b": 17
    }
  },
  {
    "id": "LC109",
    "name": "SampleColor_109",
    "category": "multi",
    "CMYK": {
      "C": 24,
      "M": 40,
      "Y": 56,
      "K": 12
    },
    "RGB": {
      "r": 168,
      "g": 129,
      "b": 51,
      "hex": "#A88133"
    },
    "LAB": {
      "L": 94.67,
      "a": -17,
      "b": 18
    }
  },
  {
    "id": "LC110",
    "name": "SampleColor_110",
    "category": "multi",
    "CMYK": {
      "C": 27,
      "M": 45,
      "Y": 63,
      "K": 16
    },
    "RGB": {
      "r": 179,
      "g": 142,
      "b": 68,
      "hex": "#B38E44"
    },
    "LAB": {
      "L": 94.0,
      "a": -16,
      "b": 19
    }
  },
  {
    "id": "LC111",
    "name": "SampleColor_111",
    "category": "multi",
    "CMYK": {
      "C": 30,
      "M": 50,
      "Y": 70,
      "K": 20
    },
    "RGB": {
      "r": 190,
      "g": 155,
      "b": 85,
      "hex": "#BE9B55"
    },
    "LAB": {
      "L": 93.33,
      "a": -15,
      "b": 20
    }
  },
  {
    "id": "LC112",
    "name": "SampleColor_112",
    "category": "multi",
    "CMYK": {
      "C": 33,
      "M": 55,
      "Y": 77,
      "K": 24
    },
    "RGB": {
      "r": 201,
      "g": 168,
      "b": 102,
      "hex": "#C9A866"
    },
    "LAB": {
      "L": 92.67,
      "a": -14,
      "b": 21
    }
  },
  {
    "id": "LC113",
    "name": "SampleColor_113",
    "category": "multi",
    "CMYK": {
      "C": 36,
      "M": 60,
      "Y": 84,
      "K": 28
    },
    "RGB": {
      "r": 212,
      "g": 181,
      "b": 119,
      "hex": "#D4B577"
    },
    "LAB": {
      "L": 92.0,
      "a": -13,
      "b": 22
    }
  },
  {
    "id": "LC114",
    "name": "SampleColor_114",
    "category": "multi",
    "CMYK": {
      "C": 39,
      "M": 65,
      "Y": 91,
      "K": 32
    },
    "RGB": {
      "r": 223,
      "g": 194,
      "b": 136,
      "hex": "#DFC288"
    },
    "LAB": {
      "L": 91.33,
      "a": -12,
      "b": 23
    }
  },
  {
    "id": "LC115",
    "name": "SampleColor_115",
    "category": "multi",
    "CMYK": {
      "C": 42,
      "M": 70,
      "Y": 98,
      "K": 36
    },
    "RGB": {
      "r": 234,
      "g": 207,
      "b": 153,
      "hex": "#EACF99"
    },
    "LAB": {
      "L": 90.67,
      "a": -11,
      "b": 24
    }
  },
  {
    "id": "LC116",
    "name": "SampleColor_116",
    "category": "multi",
    "CMYK": {
      "C": 45,
      "M": 75,
      "Y": 5,
      "K": 40
    },
    "RGB": {
      "r": 245,
      "g": 220,
      "b": 170,
      "hex": "#F5DCAA"
    },
    "LAB": {
      "L": 90.0,
      "a": -10,
      "b": 25
    }
  },
  {
    "id": "LC117",
    "name": "SampleColor_117",
    "category": "multi",
    "CMYK": {
      "C": 48,
      "M": 80,
      "Y": 12,
      "K": 44
    },
    "RGB": {
      "r": 1,
      "g": 233,
      "b": 187,
      "hex": "#01E9BB"
    },
    "LAB": {
      "L": 89.33,
      "a": -9,
      "b": 26
    }
  },
  {
    "id": "LC118",
    "name": "SampleColor_118",
    "category": "multi",
    "CMYK": {
      "C": 51,
      "M": 85,
      "Y": 19,
      "K": 48
    },
    "RGB": {
      "r": 12,
      "g": 246,
      "b": 204,
      "hex": "#0CF6CC"
    },
    "LAB": {
      "L": 88.67,
      "a": -8,
      "b": 27
    }
  },
  {
    "id": "LC119",
    "name": "SampleColor_119",
    "category": "multi",
    "CMYK": {
      "C": 54,
      "M": 90,
      "Y": 26,
      "K": 52
    },
    "RGB": {
      "r": 23,
      "g": 4,
      "b": 221,
      "hex": "#1704DD"
    },
    "LAB": {
      "L": 88.0,
      "a": -7,
      "b": 28
    }
  },
  {
    "id": "LC120",
    "name": "SampleColor_120",
    "category": "multi",
    "CMYK": {
      "C": 57,
      "M": 95,
      "Y": 33,
      "K": 56
    },
    "RGB": {
      "r": 34,
      "g": 17,
      "b": 238,
      "hex": "#2211EE"
    },
    "LAB": {
      "L": 87.33,
      "a": -6,
      "b": 29
    }
  },
  {
    "id": "LC121",
    "name": "SampleColor_121",
    "category": "multi",
    "CMYK": {
      "C": 60,
      "M": 0,
      "Y": 40,
      "K": 0
    },
    "RGB": {
      "r": 45,
      "g": 30,
      "b": 0,
      "hex": "#2D1E00"
    },
    "LAB": {
      "L": 86.67,
      "a": -5,
      "b": -30
    }
  },
  {
    "id": "LC122",
    "name": "SampleColor_122",
    "category": "multi",
    "CMYK": {
      "C": 63,
      "M": 5,
      "Y": 47,
      "K": 4
    },
    "RGB": {
      "r": 56,
      "g": 43,
      "b": 17,
      "hex": "#382B11"
    },
    "LAB": {
      "L": 86.0,
      "a": -4,
      "b": -29
    }
  },
  {
    "id": "LC123",
    "name": "SampleColor_123",
    "category": "multi",
    "CMYK": {
      "C": 66,
      "M": 10,
      "Y": 54,
      "K": 8
    },
    "RGB": {
      "r": 67,
      "g": 56,
      "b": 34,
      "hex": "#433822"
    },
    "LAB": {
      "L": 85.33,
      "a": -3,
      "b": -28
    }
  },
  {
    "id": "LC124",
    "name": "SampleColor_124",
    "category": "multi",
    "CMYK": {
      "C": 69,
      "M": 15,
      "Y": 61,
      "K": 12
    },
    "RGB": {
      "r": 78,
      "g": 69,
      "b": 51,
      "hex": "#4E4533"
    },
    "LAB": {
      "L": 84.67,
      "a": -2,
      "b": -27
    }
  },
  {
    "id": "LC125",
    "name": "SampleColor_125",
    "category": "multi",
    "CMYK": {
      "C": 72,
      "M": 20,
      "Y": 68,
      "K": 16
    },
    "RGB": {
      "r": 89,
      "g": 82,
      "b": 68,
      "hex": "#595244"
    },
    "LAB": {
      "L": 84.0,
      "a": -1,
      "b": -26
    }
  },
  {
    "id": "LC126",
    "name": "SampleColor_126",
    "category": "multi",
    "CMYK": {
      "C": 75,
      "M": 25,
      "Y": 75,
      "K": 20
    },
    "RGB": {
      "r": 100,
      "g": 95,
      "b": 85,
      "hex": "#645F55"
    },
    "LAB": {
      "L": 83.33,
      "a": 0,
      "b": -25
    }
  },
  {
    "id": "LC127",
    "name": "SampleColor_127",
    "category": "multi",
    "CMYK": {
      "C": 78,
      "M": 30,
      "Y": 82,
      "K": 24
    },
    "RGB": {
      "r": 111,
      "g": 108,
      "b": 102,
      "hex": "#6F6C66"
    },
    "LAB": {
      "L": 82.67,
      "a": 1,
      "b": -24
    }
  },
  {
    "id": "LC128",
    "name": "SampleColor_128",
    "category": "multi",
    "CMYK": {
      "C": 81,
      "M": 35,
      "Y": 89,
      "K": 28
    },
    "RGB": {
      "r": 122,
      "g": 121,
      "b": 119,
      "hex": "#7A7977"
    },
    "LAB": {
      "L": 82.0,
      "a": 2,
      "b": -23
    }
  },
  {
    "id": "LC129",
    "name": "SampleColor_129",
    "category": "multi",
    "CMYK": {
      "C": 84,
      "M": 40,
      "Y": 96,
      "K": 32
    },
    "RGB": {
      "r": 133,
      "g": 134,
      "b": 136,
      "hex": "#858688"
    },
    "LAB": {
      "L": 81.33,
      "a": 3,
      "b": -22
    }
  },
  {
    "id": "LC130",
    "name": "SampleColor_130",
    "category": "multi",
    "CMYK": {
      "C": 87,
      "M": 45,
      "Y": 3,
      "K": 36
    },
    "RGB": {
      "r": 144,
      "g": 147,
      "b": 153,
      "hex": "#909399"
    },
    "LAB": {
      "L": 80.67,
      "a": 4,
      "b": -21
    }
  },
  {
    "id": "LC131",
    "name": "SampleColor_131",
    "category": "multi",
    "CMYK": {
      "C": 90,
      "M": 50,
      "Y": 10,
      "K": 40
    },
    "RGB": {
      "r": 155,
      "g": 160,
      "b": 170,
      "hex": "#9BA0AA"
    },
    "LAB": {
      "L": 80.0,
      "a": 5,
      "b": -20
    }
  },
  {
    "id": "LC132",
    "name": "SampleColor_132",
    "category": "multi",
    "CMYK": {
      "C": 93,
      "M": 55,
      "Y": 17,
      "K": 44
    },
    "RGB": {
      "r": 166,
      "g": 173,
      "b": 187,
      "hex": "#A6ADBB"
    },
    "LAB": {
      "L": 79.33,
      "a": 6,
      "b": -19
    }
  },
  {
    "id": "LC133",
    "name": "SampleColor_133",
    "category": "multi",
    "CMYK": {
      "C": 96,
      "M": 60,
      "Y": 24,
      "K": 48
    },
    "RGB": {
      "r": 177,
      "g": 186,
      "b": 204,
      "hex": "#B1BACC"
    },
    "LAB": {
      "L": 78.67,
      "a": 7,
      "b": -18
    }
  },
  {
    "id": "LC134",
    "name": "SampleColor_134",
    "category": "multi",
    "CMYK": {
      "C": 99,
      "M": 65,
      "Y": 31,
      "K": 52
    },
    "RGB": {
      "r": 188,
      "g": 199,
      "b": 221,
      "hex": "#BCC7DD"
    },
    "LAB": {
      "L": 78.0,
      "a": 8,
      "b": -17
    }
  },
  {
    "id": "LC135",
    "name": "SampleColor_135",
    "category": "multi",
    "CMYK": {
      "C": 2,
      "M": 70,
      "Y": 38,
      "K": 56
    },
    "RGB": {
      "r": 199,
      "g": 212,
      "b": 238,
      "hex": "#C7D4EE"
    },
    "LAB": {
      "L": 77.33,
      "a": 9,
      "b": -16
    }
  },
  {
    "id": "LC136",
    "name": "SampleColor_136",
    "category": "multi",
    "CMYK": {
      "C": 5,
      "M": 75,
      "Y": 45,
      "K": 0
    },
    "RGB": {
      "r": 210,
      "g": 225,
      "b": 0,
      "hex": "#D2E100"
    },
    "LAB": {
      "L": 76.67,
      "a": 10,
      "b": -15
    }
  },
  {
    "id": "LC137",
    "name": "SampleColor_137",
    "category": "multi",
    "CMYK": {
      "C": 8,
      "M": 80,
      "Y": 52,
      "K": 4
    },
    "RGB": {
      "r": 221,
      "g": 238,
      "b": 17,
      "hex": "#DDEE11"
    },
    "LAB": {
      "L": 76.0,
      "a": 11,
      "b": -14
    }
  },
  {
    "id": "LC138",
    "name": "SampleColor_138",
    "category": "multi",
    "CMYK": {
      "C": 11,
      "M": 85,
      "Y": 59,
      "K": 8
    },
    "RGB": {
      "r": 232,
      "g": 251,
      "b": 34,
      "hex": "#E8FB22"
    },
    "LAB": {
      "L": 75.33,
      "a": 12,
      "b": -13
    }
  },
  {
    "id": "LC139",
    "name": "SampleColor_139",
    "category": "multi",
    "CMYK": {
      "C": 14,
      "M": 90,
      "Y": 66,
      "K": 12
    },
    "RGB": {
      "r": 243,
      "g": 9,
      "b": 51,
      "hex": "#F30933"
    },
    "LAB": {
      "L": 74.67,
      "a": 13,
      "b": -12
    }
  },
  {
    "id": "LC140",
    "name": "SampleColor_140",
    "category": "multi",
    "CMYK": {
      "C": 17,
      "M": 95,
      "Y": 73,
      "K": 16
    },
    "RGB": {
      "r": 254,
      "g": 22,
      "b": 68,
      "hex": "#FE1644"
    },
    "LAB": {
      "L": 74.0,
      "a": 14,
      "b": -11
    }
  },
  {
    "id": "LC141",
    "name": "SampleColor_141",
    "category": "multi",
    "CMYK": {
      "C": 20,
      "M": 0,
      "Y": 80,
      "K": 20
    },
    "RGB": {
      "r": 10,
      "g": 35,
      "b": 85,
      "hex": "#0A2355"
    },
    "LAB": {
      "L": 73.33,
      "a": 15,
      "b": -10
    }
  },
  {
    "id": "LC142",
    "name": "SampleColor_142",
    "category": "multi",
    "CMYK": {
      "C": 23,
      "M": 5,
      "Y": 87,
      "K": 24
    },
    "RGB": {
      "r": 21,
      "g": 48,
      "b": 102,
      "hex": "#153066"
    },
    "LAB": {
      "L": 72.67,
      "a": 16,
      "b": -9
    }
  },
  {
    "id": "LC143",
    "name": "SampleColor_143",
    "category": "multi",
    "CMYK": {
      "C": 26,
      "M": 10,
      "Y": 94,
      "K": 28
    },
    "RGB": {
      "r": 32,
      "g": 61,
      "b": 119,
      "hex": "#203D77"
    },
    "LAB": {
      "L": 72.0,
      "a": 17,
      "b": -8
    }
  },
  {
    "id": "LC144",
    "name": "SampleColor_144",
    "category": "multi",
    "CMYK": {
      "C": 29,
      "M": 15,
      "Y": 1,
      "K": 32
    },
    "RGB": {
      "r": 43,
      "g": 74,
      "b": 136,
      "hex": "#2B4A88"
    },
    "LAB": {
      "L": 71.33,
      "a": 18,
      "b": -7
    }
  },
  {
    "id": "LC145",
    "name": "SampleColor_145",
    "category": "multi",
    "CMYK": {
      "C": 32,
      "M": 20,
      "Y": 8,
      "K": 36
    },
    "RGB": {
      "r": 54,
      "g": 87,
      "b": 153,
      "hex": "#365799"
    },
    "LAB": {
      "L": 70.67,
      "a": 19,
      "b": -6
    }
  },
  {
    "id": "LC146",
    "name": "SampleColor_146",
    "category": "multi",
    "CMYK": {
      "C": 35,
      "M": 25,
      "Y": 15,
      "K": 40
    },
    "RGB": {
      "r": 65,
      "g": 100,
      "b": 170,
      "hex": "#4164AA"
    },
    "LAB": {
      "L": 70.0,
      "a": 20,
      "b": -5
    }
  },
  {
    "id": "LC147",
    "name": "SampleColor_147",
    "category": "multi",
    "CMYK": {
      "C": 38,
      "M": 30,
      "Y": 22,
      "K": 44
    },
    "RGB": {
      "r": 76,
      "g": 113,
      "b": 187,
      "hex": "#4C71BB"
    },
    "LAB": {
      "L": 69.33,
      "a": 21,
      "b": -4
    }
  },
  {
    "id": "LC148",
    "name": "SampleColor_148",
    "category": "multi",
    "CMYK": {
      "C": 41,
      "M": 35,
      "Y": 29,
      "K": 48
    },
    "RGB": {
      "r": 87,
      "g": 126,
      "b": 204,
      "hex": "#577ECC"
    },
    "LAB": {
      "L": 68.67,
      "a": 22,
      "b": -3
    }
  },
  {
    "id": "LC149",
    "name": "SampleColor_149",
    "category": "multi",
    "CMYK": {
      "C": 44,
      "M": 40,
      "Y": 36,
      "K": 52
    },
    "RGB": {
      "r": 98,
      "g": 139,
      "b": 221,
      "hex": "#628BDD"
    },
    "LAB": {
      "L": 68.0,
      "a": 23,
      "b": -2
    }
  },
  {
    "id": "LC150",
    "name": "SampleColor_150",
    "category": "multi",
    "CMYK": {
      "C": 47,
      "M": 45,
      "Y": 43,
      "K": 56
    },
    "RGB": {
      "r": 109,
      "g": 152,
      "b": 238,
      "hex": "#6D98EE"
    },
    "LAB": {
      "L": 67.33,
      "a": 24,
      "b": -1
    }
  },
  {
    "id": "LC151",
    "name": "SampleColor_151",
    "category": "multi",
    "CMYK": {
      "C": 50,
      "M": 50,
      "Y": 50,
      "K": 0
    },
    "RGB": {
      "r": 120,
      "g": 165,
      "b": 0,
      "hex": "#78A500"
    },
    "LAB": {
      "L": 66.67,
      "a": -25,
      "b": 0
    }
  },
  {
    "id": "LC152",
    "name": "SampleColor_152",
    "category": "multi",
    "CMYK": {
      "C": 53,
      "M": 55,
      "Y": 57,
      "K": 4
    },
    "RGB": {
      "r": 131,
      "g": 178,
      "b": 17,
      "hex": "#83B211"
    },
    "LAB": {
      "L": 66.0,
      "a": -24,
      "b": 1
    }
  },
  {
    "id": "LC153",
    "name": "SampleColor_153",
    "category": "multi",
    "CMYK": {
      "C": 56,
      "M": 60,
      "Y": 64,
      "K": 8
    },
    "RGB": {
      "r": 142,
      "g": 191,
      "b": 34,
      "hex": "#8EBF22"
    },
    "LAB": {
      "L": 65.33,
      "a": -23,
      "b": 2
    }
  },
  {
    "id": "LC154",
    "name": "SampleColor_154",
    "category": "multi",
    "CMYK": {
      "C": 59,
      "M": 65,
      "Y": 71,
      "K": 12
    },
    "RGB": {
      "r": 153,
      "g": 204,
      "b": 51,
      "hex": "#99CC33"
    },
    "LAB": {
      "L": 64.67,
      "a": -22,
      "b": 3
    }
  },
  {
    "id": "LC155",
    "name": "SampleColor_155",
    "category": "multi",
    "CMYK": {
      "C": 62,
      "M": 70,
      "Y": 78,
      "K": 16
    },
    "RGB": {
      "r": 164,
      "g": 217,
      "b": 68,
      "hex": "#A4D944"
    },
    "LAB": {
      "L": 64.0,
      "a": -21,
      "b": 4
    }
  },
  {
    "id": "LC156",
    "name": "SampleColor_156",
    "category": "multi",
    "CMYK": {
      "C": 65,
      "M": 75,
      "Y": 85,
      "K": 20
    },
    "RGB": {
      "r": 175,
      "g": 230,
      "b": 85,
      "hex": "#AFE655"
    },
    "LAB": {
      "L": 63.33,
      "a": -20,
      "b": 5
    }
  },
  {
    "id": "LC157",
    "name": "SampleColor_157",
    "category": "multi",
    "CMYK": {
      "C": 68,
      "M": 80,
      "Y": 92,
      "K": 24
    },
    "RGB": {
      "r": 186,
      "g": 243,
      "b": 102,
      "hex": "#BAF366"
    },
    "LAB": {
      "L": 62.67,
      "a": -19,
      "b": 6
    }
  },
  {
    "id": "LC158",
    "name": "SampleColor_158",
    "category": "multi",
    "CMYK": {
      "C": 71,
      "M": 85,
      "Y": 99,
      "K": 28
    },
    "RGB": {
      "r": 197,
      "g": 1,
      "b": 119,
      "hex": "#C50177"
    },
    "LAB": {
      "L": 62.0,
      "a": -18,
      "b": 7
    }
  },
  {
    "id": "LC159",
    "name": "SampleColor_159",
    "category": "multi",
    "CMYK": {
      "C": 74,
      "M": 90,
      "Y": 6,
      "K": 32
    },
    "RGB": {
      "r": 208,
      "g": 14,
      "b": 136,
      "hex": "#D00E88"
    },
    "LAB": {
      "L": 61.33,
      "a": -17,
      "b": 8
    }
  },
  {
    "id": "LC160",
    "name": "SampleColor_160",
    "category": "multi",
    "CMYK": {
      "C": 77,
      "M": 95,
      "Y": 13,
      "K": 36
    },
    "RGB": {
      "r": 219,
      "g": 27,
      "b": 153,
      "hex": "#DB1B99"
    },
    "LAB": {
      "L": 60.67,
      "a": -16,
      "b": 9
    }
  },
  {
    "id": "LC161",
    "name": "SampleColor_161",
    "category": "multi",
    "CMYK": {
      "C": 80,
      "M": 0,
      "Y": 20,
      "K": 40
    },
    "RGB": {
      "r": 230,
      "g": 40,
      "b": 170,
      "hex": "#E628AA"
    },
    "LAB": {
      "L": 60.0,
      "a": -15,
      "b": 10
    }
  },
  {
    "id": "LC162",
    "name": "SampleColor_162",
    "category": "multi",
    "CMYK": {
      "C": 83,
      "M": 5,
      "Y": 27,
      "K": 44
    },
    "RGB": {
      "r": 241,
      "g": 53,
      "b": 187,
      "hex": "#F135BB"
    },
    "LAB": {
      "L": 59.33,
      "a": -14,
      "b": 11
    }
  },
  {
    "id": "LC163",
    "name": "SampleColor_163",
    "category": "multi",
    "CMYK": {
      "C": 86,
      "M": 10,
      "Y": 34,
      "K": 48
    },
    "RGB": {
      "r": 252,
      "g": 66,
      "b": 204,
      "hex": "#FC42CC"
    },
    "LAB": {
      "L": 58.67,
      "a": -13,
      "b": 12
    }
  },
  {
    "id": "LC164",
    "name": "SampleColor_164",
    "category": "multi",
    "CMYK": {
      "C": 89,
      "M": 15,
      "Y": 41,
      "K": 52
    },
    "RGB": {
      "r": 8,
      "g": 79,
      "b": 221,
      "hex": "#084FDD"
    },
    "LAB": {
      "L": 58.0,
      "a": -12,
      "b": 13
    }
  },
  {
    "id": "LC165",
    "name": "SampleColor_165",
    "category": "multi",
    "CMYK": {
      "C": 92,
      "M": 20,
      "Y": 48,
      "K": 56
    },
    "RGB": {
      "r": 19,
      "g": 92,
      "b": 238,
      "hex": "#135CEE"
    },
    "LAB": {
      "L": 57.33,
      "a": -11,
      "b": 14
    }
  },
  {
    "id": "LC166",
    "name": "SampleColor_166",
    "category": "multi",
    "CMYK": {
      "C": 95,
      "M": 25,
      "Y": 55,
      "K": 0
    },
    "RGB": {
      "r": 30,
      "g": 105,
      "b": 0,
      "hex": "#1E6900"
    },
    "LAB": {
      "L": 56.67,
      "a": -10,
      "b": 15
    }
  },
  {
    "id": "LC167",
    "name": "SampleColor_167",
    "category": "multi",
    "CMYK": {
      "C": 98,
      "M": 30,
      "Y": 62,
      "K": 4
    },
    "RGB": {
      "r": 41,
      "g": 118,
      "b": 17,
      "hex": "#297611"
    },
    "LAB": {
      "L": 56.0,
      "a": -9,
      "b": 16
    }
  },
  {
    "id": "LC168",
    "name": "SampleColor_168",
    "category": "multi",
    "CMYK": {
      "C": 1,
      "M": 35,
      "Y": 69,
      "K": 8
    },
    "RGB": {
      "r": 52,
      "g": 131,
      "b": 34,
      "hex": "#348322"
    },
    "LAB": {
      "L": 55.33,
      "a": -8,
      "b": 17
    }
  },
  {
    "id": "LC169",
    "name": "SampleColor_169",
    "category": "multi",
    "CMYK": {
      "C": 4,
      "M": 40,
      "Y": 76,
      "K": 12
    },
    "RGB": {
      "r": 63,
      "g": 144,
      "b": 51,
      "hex": "#3F9033"
    },
    "LAB": {
      "L": 54.67,
      "a": -7,
      "b": 18
    }
  },
  {
    "id": "LC170",
    "name": "SampleColor_170",
    "category": "multi",
    "CMYK": {
      "C": 7,
      "M": 45,
      "Y": 83,
      "K": 16
    },
    "RGB": {
      "r": 74,
      "g": 157,
      "b": 68,
      "hex": "#4A9D44"
    },
    "LAB": {
      "L": 54.0,
      "a": -6,
      "b": 19
    }
  },
  {
    "id": "LC171",
    "name": "SampleColor_171",
    "category": "multi",
    "CMYK": {
      "C": 10,
      "M": 50,
      "Y": 90,
      "K": 20
    },
    "RGB": {
      "r": 85,
      "g": 170,
      "b": 85,
      "hex": "#55AA55"
    },
    "LAB": {
      "L": 53.33,
      "a": -5,
      "b": 20
    }
  },
  {
    "id": "LC172",
    "name": "SampleColor_172",
    "category": "multi",
    "CMYK": {
      "C": 13,
      "M": 55,
      "Y": 97,
      "K": 24
    },
    "RGB": {
      "r": 96,
      "g": 183,
      "b": 102,
      "hex": "#60B766"
    },
    "LAB": {
      "L": 52.67,
      "a": -4,
      "b": 21
    }
  },
  {
    "id": "LC173",
    "name": "SampleColor_173",
    "category": "multi",
    "CMYK": {
      "C": 16,
      "M": 60,
      "Y": 4,
      "K": 28
    },
    "RGB": {
      "r": 107,
      "g": 196,
      "b": 119,
      "hex": "#6BC477"
    },
    "LAB": {
      "L": 52.0,
      "a": -3,
      "b": 22
    }
  },
  {
    "id": "LC174",
    "name": "SampleColor_174",
    "category": "multi",
    "CMYK": {
      "C": 19,
      "M": 65,
      "Y": 11,
      "K": 32
    },
    "RGB": {
      "r": 118,
      "g": 209,
      "b": 136,
      "hex": "#76D188"
    },
    "LAB": {
      "L": 51.33,
      "a": -2,
      "b": 23
    }
  },
  {
    "id": "LC175",
    "name": "SampleColor_175",
    "category": "multi",
    "CMYK": {
      "C": 22,
      "M": 70,
      "Y": 18,
      "K": 36
    },
    "RGB": {
      "r": 129,
      "g": 222,
      "b": 153,
      "hex": "#81DE99"
    },
    "LAB": {
      "L": 50.67,
      "a": -1,
      "b": 24
    }
  },
  {
    "id": "LC176",
    "name": "SampleColor_176",
    "category": "multi",
    "CMYK": {
      "C": 25,
      "M": 75,
      "Y": 25,
      "K": 40
    },
    "RGB": {
      "r": 140,
      "g": 235,
      "b": 170,
      "hex": "#8CEBAA"
    },
    "LAB": {
      "L": 50.0,
      "a": 0,
      "b": 25
    }
  },
  {
    "id": "LC177",
    "name": "SampleColor_177",
    "category": "multi",
    "CMYK": {
      "C": 28,
      "M": 80,
      "Y": 32,
      "K": 44
    },
    "RGB": {
      "r": 151,
      "g": 248,
      "b": 187,
      "hex": "#97F8BB"
    },
    "LAB": {
      "L": 49.33,
      "a": 1,
      "b": 26
    }
  },
  {
    "id": "LC178",
    "name": "SampleColor_178",
    "category": "multi",
    "CMYK": {
      "C": 31,
      "M": 85,
      "Y": 39,
      "K": 48
    },
    "RGB": {
      "r": 162,
      "g": 6,
      "b": 204,
      "hex": "#A206CC"
    },
    "LAB": {
      "L": 48.67,
      "a": 2,
      "b": 27
    }
  },
  {
    "id": "LC179",
    "name": "SampleColor_179",
    "category": "multi",
    "CMYK": {
      "C": 34,
      "M": 90,
      "Y": 46,
      "K": 52
    },
    "RGB": {
      "r": 173,
      "g": 19,
      "b": 221,
      "hex": "#AD13DD"
    },
    "LAB": {
      "L": 48.0,
      "a": 3,
      "b": 28
    }
  },
  {
    "id": "LC180",
    "name": "SampleColor_180",
    "category": "multi",
    "CMYK": {
      "C": 37,
      "M": 95,
      "Y": 53,
      "K": 56
    },
    "RGB": {
      "r": 184,
      "g": 32,
      "b": 238,
      "hex": "#B820EE"
    },
    "LAB": {
      "L": 47.33,
      "a": 4,
      "b": 29
    }
  },
  {
    "id": "LC181",
    "name": "SampleColor_181",
    "category": "multi",
    "CMYK": {
      "C": 40,
      "M": 0,
      "Y": 60,
      "K": 0
    },
    "RGB": {
      "r": 195,
      "g": 45,
      "b": 0,
      "hex": "#C32D00"
    },
    "LAB": {
      "L": 46.67,
      "a": 5,
      "b": -30
    }
  },
  {
    "id": "LC182",
    "name": "SampleColor_182",
    "category": "multi",
    "CMYK": {
      "C": 43,
      "M": 5,
      "Y": 67,
      "K": 4
    },
    "RGB": {
      "r": 206,
      "g": 58,
      "b": 17,
      "hex": "#CE3A11"
    },
    "LAB": {
      "L": 46.0,
      "a": 6,
      "b": -29
    }
  },
  {
    "id": "LC183",
    "name": "SampleColor_183",
    "category": "multi",
    "CMYK": {
      "C": 46,
      "M": 10,
      "Y": 74,
      "K": 8
    },
    "RGB": {
      "r": 217,
      "g": 71,
      "b": 34,
      "hex": "#D94722"
    },
    "LAB": {
      "L": 45.33,
      "a": 7,
      "b": -28
    }
  },
  {
    "id": "LC184",
    "name": "SampleColor_184",
    "category": "multi",
    "CMYK": {
      "C": 49,
      "M": 15,
      "Y": 81,
      "K": 12
    },
    "RGB": {
      "r": 228,
      "g": 84,
      "b": 51,
      "hex": "#E45433"
    },
    "LAB": {
      "L": 44.67,
      "a": 8,
      "b": -27
    }
  },
  {
    "id": "LC185",
    "name": "SampleColor_185",
    "category": "multi",
    "CMYK": {
      "C": 52,
      "M": 20,
      "Y": 88,
      "K": 16
    },
    "RGB": {
      "r": 239,
      "g": 97,
      "b": 68,
      "hex": "#EF6144"
    },
    "LAB": {
      "L": 44.0,
      "a": 9,
      "b": -26
    }
  },
  {
    "id": "LC186",
    "name": "SampleColor_186",
    "category": "multi",
    "CMYK": {
      "C": 55,
      "M": 25,
      "Y": 95,
      "K": 20
    },
    "RGB": {
      "r": 250,
      "g": 110,
      "b": 85,
      "hex": "#FA6E55"
    },
    "LAB": {
      "L": 43.33,
      "a": 10,
      "b": -25
    }
  },
  {
    "id": "LC187",
    "name": "SampleColor_187",
    "category": "multi",
    "CMYK": {
      "C": 58,
      "M": 30,
      "Y": 2,
      "K": 24
    },
    "RGB": {
      "r": 6,
      "g": 123,
      "b": 102,
      "hex": "#067B66"
    },
    "LAB": {
      "L": 42.67,
      "a": 11,
      "b": -24
    }
  },
  {
    "id": "LC188",
    "name": "SampleColor_188",
    "category": "multi",
    "CMYK": {
      "C": 61,
      "M": 35,
      "Y": 9,
      "K": 28
    },
    "RGB": {
      "r": 17,
      "g": 136,
      "b": 119,
      "hex": "#118877"
    },
    "LAB": {
      "L": 42.0,
      "a": 12,
      "b": -23
    }
  },
  {
    "id": "LC189",
    "name": "SampleColor_189",
    "category": "multi",
    "CMYK": {
      "C": 64,
      "M": 40,
      "Y": 16,
      "K": 32
    },
    "RGB": {
      "r": 28,
      "g": 149,
      "b": 136,
      "hex": "#1C9588"
    },
    "LAB": {
      "L": 41.33,
      "a": 13,
      "b": -22
    }
  },
  {
    "id": "LC190",
    "name": "SampleColor_190",
    "category": "multi",
    "CMYK": {
      "C": 67,
      "M": 45,
      "Y": 23,
      "K": 36
    },
    "RGB": {
      "r": 39,
      "g": 162,
      "b": 153,
      "hex": "#27A299"
    },
    "LAB": {
      "L": 40.67,
      "a": 14,
      "b": -21
    }
  },
  {
    "id": "LC191",
    "name": "SampleColor_191",
    "category": "multi",
    "CMYK": {
      "C": 70,
      "M": 50,
      "Y": 30,
      "K": 40
    },
    "RGB": {
      "r": 50,
      "g": 175,
      "b": 170,
      "hex": "#32AFAA"
    },
    "LAB": {
      "L": 40.0,
      "a": 15,
      "b": -20
    }
  },
  {
    "id": "LC192",
    "name": "SampleColor_192",
    "category": "multi",
    "CMYK": {
      "C": 73,
      "M": 55,
      "Y": 37,
      "K": 44
    },
    "RGB": {
      "r": 61,
      "g": 188,
      "b": 187,
      "hex": "#3DBCBB"
    },
    "LAB": {
      "L": 39.33,
      "a": 16,
      "b": -19
    }
  },
  {
    "id": "LC193",
    "name": "SampleColor_193",
    "category": "multi",
    "CMYK": {
      "C": 76,
      "M": 60,
      "Y": 44,
      "K": 48
    },
    "RGB": {
      "r": 72,
      "g": 201,
      "b": 204,
      "hex": "#48C9CC"
    },
    "LAB": {
      "L": 38.67,
      "a": 17,
      "b": -18
    }
  },
  {
    "id": "LC194",
    "name": "SampleColor_194",
    "category": "multi",
    "CMYK": {
      "C": 79,
      "M": 65,
      "Y": 51,
      "K": 52
    },
    "RGB": {
      "r": 83,
      "g": 214,
      "b": 221,
      "hex": "#53D6DD"
    },
    "LAB": {
      "L": 38.0,
      "a": 18,
      "b": -17
    }
  },
  {
    "id": "LC195",
    "name": "SampleColor_195",
    "category": "multi",
    "CMYK": {
      "C": 82,
      "M": 70,
      "Y": 58,
      "K": 56
    },
    "RGB": {
      "r": 94,
      "g": 227,
      "b": 238,
      "hex": "#5EE3EE"
    },
    "LAB": {
      "L": 37.33,
      "a": 19,
      "b": -16
    }
  },
  {
    "id": "LC196",
    "name": "SampleColor_196",
    "category": "multi",
    "CMYK": {
      "C": 85,
      "M": 75,
      "Y": 65,
      "K": 0
    },
    "RGB": {
      "r": 105,
      "g": 240,
      "b": 0,
      "hex": "#69F000"
    },
    "LAB": {
      "L": 36.67,
      "a": 20,
      "b": -15
    }
  },
  {
    "id": "LC197",
    "name": "SampleColor_197",
    "category": "multi",
    "CMYK": {
      "C": 88,
      "M": 80,
      "Y": 72,
      "K": 4
    },
    "RGB": {
      "r": 116,
      "g": 253,
      "b": 17,
      "hex": "#74FD11"
    },
    "LAB": {
      "L": 36.0,
      "a": 21,
      "b": -14
    }
  },
  {
    "id": "LC198",
    "name": "SampleColor_198",
    "category": "multi",
    "CMYK": {
      "C": 91,
      "M": 85,
      "Y": 79,
      "K": 8
    },
    "RGB": {
      "r": 127,
      "g": 11,
      "b": 34,
      "hex": "#7F0B22"
    },
    "LAB": {
      "L": 35.33,
      "a": 22,
      "b": -13
    }
  },
  {
    "id": "LC199",
    "name": "SampleColor_199",
    "category": "multi",
    "CMYK": {
      "C": 94,
      "M": 90,
      "Y": 86,
      "K": 12
    },
    "RGB": {
      "r": 138,
      "g": 24,
      "b": 51,
      "hex": "#8A1833"
    },
    "LAB": {
      "L": 34.67,
      "a": 23,
      "b": -12
    }
  },
  {
    "id": "LC200",
    "name": "SampleColor_200",
    "category": "multi",
    "CMYK": {
      "C": 97,
      "M": 95,
      "Y": 93,
      "K": 16
    },
    "RGB": {
      "r": 149,
      "g": 37,
      "b": 68,
      "hex": "#952544"
    },
    "LAB": {
      "L": 34.0,
      "a": 24,
      "b": -11
    }
  }
]